sample,field_input_A_turns,sweep_direction,pressure_flow_slope_k_bar_min_per_L,slope_factor_K,source_table,notes,data_status
MRF-122EG,900,Velocity increase,1.6,6.6,Table 2,Offset=0.66 bar; R²=0.98,reported in paper
MRF-122EG,600,Velocity increase,1.63,6.71,Table 2,Offset=0.48 bar; R²=0.98,reported in paper
MRF-122EG,300,Velocity increase,0.55,2.27,Table 2,Offset=0.36 bar; R²=0.97,reported in paper
MRF-122EG,0,Velocity increase,0.24,1.0,Table 2,Offset=0.0 bar; R²=0.98,reported in paper
MRF-122EG,900,Velocity decrease,0.42,1.74,Table 2,Offset=0.81 bar; R²=0.99,reported in paper
MRF-122EG,600,Velocity decrease,0.41,1.69,Table 2,Offset=0.62 bar; R²=0.99,reported in paper
MRF-122EG,300,Velocity decrease,,,Table 2,Offset=None bar; R²=None,reported in paper
MRF-122EG,0,Velocity decrease,0.24,1.0,Table 2,Offset=0.0 bar; R²=0.98,reported in paper
MRF-132DG,900,Velocity increase,1.5,2.76,Table 3,Offset=1.65 bar; R²=0.97,reported in paper
MRF-132DG,600,Velocity increase,1.43,2.64,Table 3,Offset=1.31 bar; R²=0.97,reported in paper
MRF-132DG,300,Velocity increase,0.95,1.75,Table 3,Offset=0.78 bar; R²=0.99,reported in paper
MRF-132DG,0,Velocity increase,0.54,1.0,Table 3,Offset=0.0 bar; R²=0.99,reported in paper
MRF-132DG,900,Velocity decrease,0.85,1.58,Table 3,Offset=1.55 bar; R²=0.99,reported in paper
MRF-132DG,600,Velocity decrease,0.78,1.45,Table 3,Offset=1.2 bar; R²=0.99,reported in paper
MRF-132DG,300,Velocity decrease,0.79,1.46,Table 3,Offset=0.77 bar; R²=0.99,reported in paper
MRF-132DG,0,Velocity decrease,0.54,1.0,Table 3,Offset=0.0 bar; R²=0.99,reported in paper
MRF-140CG,900,Velocity increase,2.62,1.54,Table 4,Offset=2.54 bar; R²=0.98,reported in paper
MRF-140CG,600,Velocity increase,2.74,1.61,Table 4,Offset=2.03 bar; R²=0.99,reported in paper
MRF-140CG,300,Velocity increase,2.59,1.53,Table 4,Offset=1.4 bar; R²=0.99,reported in paper
MRF-140CG,0,Velocity increase,1.71,1.0,Table 4,Offset=0.0 bar; R²=0.99,reported in paper
MRF-140CG,900,Velocity decrease,3.0,1.81,Table 4,Offset=2.37 bar; R²=0.98,reported in paper
MRF-140CG,600,Velocity decrease,2.84,1.71,Table 4,Offset=1.9 bar; R²=0.99,reported in paper
MRF-140CG,300,Velocity decrease,2.59,1.56,Table 4,Offset=1.41 bar; R²=0.99,reported in paper
MRF-140CG,0,Velocity decrease,1.66,1.0,Table 4,Offset=0.0 bar; R²=0.99,reported in paper
